<?xml version="1.0" encoding="UTF-8"?>
<project-private xmlns="http://www.netbeans.org/ns/project-private/1">
    <editor-bookmarks xmlns="http://www.netbeans.org/ns/editor-bookmarks/2" lastBookmarkId="0"/>
    <open-files xmlns="http://www.netbeans.org/ns/projectui-open-files/2">
        <group>
            <file>file:/C:/xampp/htdocs/DUT_Student_Counselling/admin/viewQueries.php</file>
            <file>file:/C:/xampp/htdocs/DUT_Student_Counselling/admin/form.php</file>
            <file>file:/C:/xampp/htdocs/DUT_Student_Counselling/student/view_booking.php</file>
            <file>file:/C:/xampp/htdocs/DUT_Student_Counselling/signin.php</file>
            <file>file:/C:/xampp/htdocs/DUT_Student_Counselling/admin/config.php</file>
            <file>file:/C:/xampp/htdocs/DUT_Student_Counselling/admin/editCounsellor.php</file>
            <file>file:/C:/xampp/htdocs/DUT_Student_Counselling/student/search_consellor.php</file>
            <file>file:/C:/xampp/htdocs/DUT_Student_Counselling/student/changepwd.php</file>
            <file>file:/C:/xampp/htdocs/DUT_Student_Counselling/admin/queries.php</file>
            <file>file:/C:/xampp/htdocs/DUT_Student_Counselling/admin/students.php</file>
            <file>file:/C:/xampp/htdocs/DUT_Student_Counselling/Zoom_Meeting/config.php</file>
            <file>file:/C:/xampp/htdocs/DUT_Student_Counselling/admin/index.php</file>
            <file>file:/C:/xampp/htdocs/DUT_Student_Counselling/admin/sendemail.php</file>
            <file>file:/C:/xampp/htdocs/DUT_Student_Counselling/student_regi.php</file>
            <file>file:/C:/xampp/htdocs/DUT_Student_Counselling/student/uptomenu.php</file>
            <file>file:/C:/xampp/htdocs/DUT_Student_Counselling/admin/changestudentpassword1.php</file>
            <file>file:/C:/xampp/htdocs/DUT_Student_Counselling/header.php</file>
            <file>file:/C:/xampp/htdocs/DUT_Student_Counselling/admin/addcounsellors2.php.bak</file>
            <file>file:/C:/xampp/htdocs/DUT_Student_Counselling/index.php</file>
            <file>file:/C:/xampp/htdocs/DUT_Student_Counselling/student/config.php</file>
            <file>file:/C:/xampp/htdocs/DUT_Student_Counselling/Zoom_Meeting/index.php</file>
            <file>file:/C:/xampp/htdocs/DUT_Student_Counselling/HealthInfo.php</file>
            <file>file:/C:/xampp/htdocs/DUT_Student_Counselling/admin/adminDashboard.php</file>
            <file>file:/C:/xampp/htdocs/DUT_Student_Counselling/counsellors/Consellorslogin.php</file>
            <file>file:/C:/xampp/htdocs/DUT_Student_Counselling/admin/counsellors.php</file>
            <file>file:/C:/xampp/htdocs/DUT_Student_Counselling/db/codeologistwebapp.sql</file>
            <file>file:/C:/xampp/htdocs/DUT_Student_Counselling/student/pastAppointments.php</file>
            <file>file:/C:/xampp/htdocs/DUT_Student_Counselling/student/config2.php</file>
            <file>file:/C:/xampp/htdocs/DUT_Student_Counselling/admin/addcounsellors2.php</file>
            <file>file:/C:/xampp/htdocs/DUT_Student_Counselling/student/studentdashboard.php</file>
            <file>file:/C:/xampp/htdocs/DUT_Student_Counselling/config.php</file>
            <file>file:/C:/xampp/htdocs/DUT_Student_Counselling/admin/viewStudent.php</file>
            <file>file:/C:/xampp/htdocs/DUT_Student_Counselling/admin/editCounsellorInfo.php</file>
        </group>
    </open-files>
</project-private>
